Nam,Thang,Vung_Trong,Loai_Che,San_Luong_Tan,Gia_Ban_VND_Kg,Luong_Mua_mm,Nhiet_Do_C,Dien_Tich_Ha,Doanh_Thu_Trieu_VND
2021,1,Tan Cuong,Che Dinh,2.78,5012699,26,18.6,454,13935.3
2021,1,Tan Cuong,Che Non Tom,7.52,2007784,26,18.6,454,15098.54
2021,1,Tan Cuong,Che Moc Cau,15.8,567000,26,18.6,454,8958.6
2021,1,Tan Cuong,Che Bup,25.26,288985,26,18.6,454,7299.76
2021,1,Dai Tu,Che Dinh,8.98,3777196,27,18.7,1663,33919.22
2021,1,Dai Tu,Che Non Tom,30.64,1456078,27,18.7,1663,44614.23
2021,1,Dai Tu,Che Moc Cau,53.97,399968,27,18.7,1663,21586.27
2021,1,Dai Tu,Che Bup,90.25,213836,27,18.7,1663,19298.7
2021,1,Dong Hy,Che Dinh,5.93,3491882,30,18.3,935,20706.86
2021,1,Dong Hy,Che Non Tom,16.88,1453307,30,18.3,935,24531.82
2021,1,Dong Hy,Che Moc Cau,30.61,424516,30,18.3,935,12994.43
2021,1,Dong Hy,Che Bup,47.16,206605,30,18.3,935,9743.49
2021,1,Phu Luong,Che Dinh,6.59,3455161,29,18.6,1143,22769.51
2021,1,Phu Luong,Che Non Tom,21.33,1431381,29,18.6,1143,30531.36
2021,1,Phu Luong,Che Moc Cau,38.04,419797,29,18.6,1143,15969.08
2021,1,Phu Luong,Che Bup,55.97,224841,29,18.6,1143,12584.35
2021,2,Tan Cuong,Che Dinh,2.5,4228434,14,16.0,443,10571.08
2021,2,Tan Cuong,Che Non Tom,7.23,1737503,14,16.0,443,12562.15
2021,2,Tan Cuong,Che Moc Cau,15.79,484862,14,16.0,443,7655.97
2021,2,Tan Cuong,Che Bup,25.96,257727,14,16.0,443,6690.59
2021,2,Dai Tu,Che Dinh,9.97,3138351,20,16.2,1654,31289.36
2021,2,Dai Tu,Che Non Tom,31.82,1229678,20,16.2,1654,39128.35
2021,2,Dai Tu,Che Moc Cau,60.02,353036,20,16.2,1654,21189.22
2021,2,Dai Tu,Che Bup,97.63,181926,20,16.2,1654,17761.44
2021,2,Dong Hy,Che Dinh,5.22,2854690,21,15.9,932,14901.48
2021,2,Dong Hy,Che Non Tom,16.52,1187385,21,15.9,932,19615.6
2021,2,Dong Hy,Che Moc Cau,32.17,332992,21,15.9,932,10712.35
2021,2,Dong Hy,Che Bup,47.3,183804,21,15.9,932,8693.93
2021,2,Phu Luong,Che Dinh,7.44,3045323,13,16.2,1142,22657.2
2021,2,Phu Luong,Che Non Tom,22.26,1242004,13,16.2,1142,27647.01
2021,2,Phu Luong,Che Moc Cau,40.7,335839,13,16.2,1142,13668.65
2021,2,Phu Luong,Che Bup,60.07,183039,13,16.2,1142,10995.15
2021,3,Tan Cuong,Che Dinh,4.96,4289562,118,24.9,447,21276.23
2021,3,Tan Cuong,Che Non Tom,16.93,1690294,118,24.9,447,28616.68
2021,3,Tan Cuong,Che Moc Cau,33.93,489695,118,24.9,447,16615.35
2021,3,Tan Cuong,Che Bup,48.5,250174,118,24.9,447,12133.44
2021,3,Dai Tu,Che Dinh,21.35,2992611,128,24.6,1649,63892.24
2021,3,Dai Tu,Che Non Tom,60.12,1223461,128,24.6,1649,73554.48
2021,3,Dai Tu,Che Moc Cau,110.16,353654,128,24.6,1649,38958.52
2021,3,Dai Tu,Che Bup,179.51,174655,128,24.6,1649,31352.32
2021,3,Dong Hy,Che Dinh,10.43,3128909,122,24.7,932,32634.52
2021,3,Dong Hy,Che Non Tom,35.62,1216008,122,24.7,932,43314.2
2021,3,Dong Hy,Che Moc Cau,72.09,360628,122,24.7,932,25997.67
2021,3,Dong Hy,Che Bup,94.35,187066,122,24.7,932,17649.68
2021,3,Phu Luong,Che Dinh,13.17,3044307,122,25.3,1150,40093.52
2021,3,Phu Luong,Che Non Tom,37.26,1182308,122,25.3,1150,44052.8
2021,3,Phu Luong,Che Moc Cau,79.57,338262,122,25.3,1150,26915.51
2021,3,Phu Luong,Che Bup,125.05,179726,122,25.3,1150,22474.74
2021,4,Tan Cuong,Che Dinh,5.11,4224402,126,22.2,451,21586.69
2021,4,Tan Cuong,Che Non Tom,15.92,1606901,126,22.2,451,25581.86
2021,4,Tan Cuong,Che Moc Cau,30.87,477596,126,22.2,451,14743.39
2021,4,Tan Cuong,Che Bup,50.62,257349,126,22.2,451,13027.01
2021,4,Dai Tu,Che Dinh,18.81,3142984,128,23.0,1644,59119.53
2021,4,Dai Tu,Che Non Tom,58.13,1143966,128,23.0,1644,66498.74
2021,4,Dai Tu,Che Moc Cau,114.7,354702,128,23.0,1644,40684.32
2021,4,Dai Tu,Che Bup,183.97,180556,128,23.0,1644,33216.89
2021,4,Dong Hy,Che Dinh,10.81,2922647,115,22.1,925,31593.81
2021,4,Dong Hy,Che Non Tom,35.32,1196436,115,22.1,925,42258.12
2021,4,Dong Hy,Che Moc Cau,73.04,346458,115,22.1,925,25305.29
2021,4,Dong Hy,Che Bup,106.22,185370,115,22.1,925,19690.0
2021,4,Phu Luong,Che Dinh,14.76,2947787,117,22.7,1148,43509.34
2021,4,Phu Luong,Che Non Tom,39.02,1225337,117,22.7,1148,47812.65
2021,4,Phu Luong,Che Moc Cau,87.77,344703,117,22.7,1148,30254.58
2021,4,Phu Luong,Che Bup,113.97,187929,117,22.7,1148,21418.27
2021,5,Tan Cuong,Che Dinh,7.96,4037658,256,30.1,457,32139.76
2021,5,Tan Cuong,Che Non Tom,26.77,1743393,256,30.1,457,46670.63
2021,5,Tan Cuong,Che Moc Cau,46.97,497839,256,30.1,457,23383.5
2021,5,Tan Cuong,Che Bup,78.73,253391,256,30.1,457,19949.47
2021,5,Dai Tu,Che Dinh,32.58,3017488,250,31.0,1656,98309.76
2021,5,Dai Tu,Che Non Tom,96.27,1162644,250,31.0,1656,111927.74
2021,5,Dai Tu,Che Moc Cau,170.94,357012,250,31.0,1656,61027.63
2021,5,Dai Tu,Che Bup,286.87,186413,250,31.0,1656,53476.3
2021,5,Dong Hy,Che Dinh,15.53,2898488,249,30.6,941,45013.52
2021,5,Dong Hy,Che Non Tom,54.86,1212771,249,30.6,941,66532.62
2021,5,Dong Hy,Che Moc Cau,91.65,336051,249,30.6,941,30799.07
2021,5,Dong Hy,Che Bup,157.43,171091,249,30.6,941,26934.86
2021,5,Phu Luong,Che Dinh,20.54,3148337,266,30.5,1153,64666.84
2021,5,Phu Luong,Che Non Tom,58.23,1142169,266,30.5,1153,66508.5
2021,5,Phu Luong,Che Moc Cau,124.37,338758,266,30.5,1153,42131.33
2021,5,Phu Luong,Che Bup,181.8,184395,266,30.5,1153,33523.01
2021,6,Tan Cuong,Che Dinh,7.71,4101384,291,31.2,440,31621.67
2021,6,Tan Cuong,Che Non Tom,22.54,1759465,291,31.2,440,39658.34
2021,6,Tan Cuong,Che Moc Cau,46.5,509210,291,31.2,440,23678.26
2021,6,Tan Cuong,Che Bup,73.15,259429,291,31.2,440,18977.23
2021,6,Dai Tu,Che Dinh,27.72,3066735,290,31.6,1640,85009.89
2021,6,Dai Tu,Che Non Tom,84.68,1142917,290,31.6,1640,96782.21
2021,6,Dai Tu,Che Moc Cau,182.27,338698,290,31.6,1640,61734.48
2021,6,Dai Tu,Che Bup,289.08,188170,290,31.6,1640,54396.18
2021,6,Dong Hy,Che Dinh,15.28,3128495,281,31.5,940,47803.4
2021,6,Dong Hy,Che Non Tom,50.03,1255998,281,31.5,940,62837.58
2021,6,Dong Hy,Che Moc Cau,110.93,362355,281,31.5,940,40196.04
2021,6,Dong Hy,Che Bup,146.02,177931,281,31.5,940,25981.48
2021,6,Phu Luong,Che Dinh,19.53,3017040,276,31.4,1162,58922.79
2021,6,Phu Luong,Che Non Tom,68.22,1223523,276,31.4,1162,83468.74
2021,6,Phu Luong,Che Moc Cau,127.25,335901,276,31.4,1162,42743.4
2021,6,Phu Luong,Che Bup,192.57,188820,276,31.4,1162,36361.07
2021,7,Tan Cuong,Che Dinh,8.65,4047380,276,29.8,449,35009.84
2021,7,Tan Cuong,Che Non Tom,25.26,1688873,276,29.8,449,42660.93
2021,7,Tan Cuong,Che Moc Cau,46.52,486069,276,29.8,449,22611.93
2021,7,Tan Cuong,Che Bup,69.19,254810,276,29.8,449,17630.3
2021,7,Dai Tu,Che Dinh,30.52,3060590,278,30.3,1646,93409.21
2021,7,Dai Tu,Che Non Tom,94.14,1246800,278,30.3,1646,117373.75
2021,7,Dai Tu,Che Moc Cau,172.01,345645,278,30.3,1646,59454.4
2021,7,Dai Tu,Che Bup,245.0,181409,278,30.3,1646,44445.2
2021,7,Dong Hy,Che Dinh,17.08,2935962,293,30.0,941,50146.23
2021,7,Dong Hy,Che Non Tom,51.74,1143660,293,30.0,941,59172.97
2021,7,Dong Hy,Che Moc Cau,92.22,361291,293,30.0,941,33318.26
2021,7,Dong Hy,Che Bup,148.18,173287,293,30.0,941,25677.67
2021,7,Phu Luong,Che Dinh,19.35,3036867,282,30.3,1140,58763.38
2021,7,Phu Luong,Che Non Tom,56.45,1146201,282,30.3,1140,64703.05
2021,7,Phu Luong,Che Moc Cau,123.89,351422,282,30.3,1140,43537.67
2021,7,Phu Luong,Che Bup,189.76,184069,282,30.3,1140,34928.93
2021,8,Tan Cuong,Che Dinh,7.71,4174367,240,33.2,449,32184.37
2021,8,Tan Cuong,Che Non Tom,22.2,1600258,240,33.2,449,35525.73
2021,8,Tan Cuong,Che Moc Cau,52.98,506463,240,33.2,449,26832.41
2021,8,Tan Cuong,Che Bup,75.59,249705,240,33.2,449,18875.2
2021,8,Dai Tu,Che Dinh,29.81,3064378,236,32.7,1640,91349.11
2021,8,Dai Tu,Che Non Tom,91.4,1173592,236,32.7,1640,107266.31
2021,8,Dai Tu,Che Moc Cau,193.23,358326,236,32.7,1640,69239.33
2021,8,Dai Tu,Che Bup,268.57,182010,236,32.7,1640,48882.43
2021,8,Dong Hy,Che Dinh,16.47,3077353,224,32.6,942,50684.0
2021,8,Dong Hy,Che Non Tom,45.93,1153928,224,32.6,942,52999.91
2021,8,Dong Hy,Che Moc Cau,92.5,333925,224,32.6,942,30888.06
2021,8,Dong Hy,Che Bup,163.45,183665,224,32.6,942,30020.04
2021,8,Phu Luong,Che Dinh,20.68,2992041,237,32.5,1151,61875.41
2021,8,Phu Luong,Che Non Tom,58.09,1192062,237,32.5,1151,69246.88
2021,8,Phu Luong,Che Moc Cau,121.78,354054,237,32.5,1151,43116.7
2021,8,Phu Luong,Che Bup,191.5,171815,237,32.5,1151,32902.57
2021,9,Tan Cuong,Che Dinh,5.7,4248657,110,22.1,458,24217.34
2021,9,Tan Cuong,Che Non Tom,17.95,1754634,110,22.1,458,31495.68
2021,9,Tan Cuong,Che Moc Cau,35.4,496683,110,22.1,458,17582.58
2021,9,Tan Cuong,Che Bup,52.44,256464,110,22.1,458,13448.97
2021,9,Dai Tu,Che Dinh,19.88,3132439,110,22.1,1642,62272.89
2021,9,Dai Tu,Che Non Tom,57.77,1255342,110,22.1,1642,72521.11
2021,9,Dai Tu,Che Moc Cau,127.81,339352,110,22.1,1642,43372.58
2021,9,Dai Tu,Che Bup,162.06,172814,110,22.1,1642,28006.24
2021,9,Dong Hy,Che Dinh,10.69,3046716,128,22.2,921,32569.39
2021,9,Dong Hy,Che Non Tom,32.4,1221793,128,22.2,921,39586.09
2021,9,Dong Hy,Che Moc Cau,64.2,341624,128,22.2,921,21932.26
2021,9,Dong Hy,Che Bup,99.39,183472,128,22.2,921,18235.28
2021,9,Phu Luong,Che Dinh,12.6,2975383,122,22.5,1157,37489.83
2021,9,Phu Luong,Che Non Tom,45.55,1205756,122,22.5,1157,54922.19
2021,9,Phu Luong,Che Moc Cau,82.03,352398,122,22.5,1157,28907.21
2021,9,Phu Luong,Che Bup,126.85,184169,122,22.5,1157,23361.84
2021,10,Tan Cuong,Che Dinh,5.54,4300761,119,23.2,446,23826.22
2021,10,Tan Cuong,Che Non Tom,15.22,1659458,119,23.2,446,25256.95
2021,10,Tan Cuong,Che Moc Cau,32.33,489831,119,23.2,446,15836.24
2021,10,Tan Cuong,Che Bup,47.1,246900,119,23.2,446,11628.99
2021,10,Dai Tu,Che Dinh,21.72,3104142,131,23.1,1658,67421.96
2021,10,Dai Tu,Che Non Tom,57.96,1254816,131,23.1,1658,72729.14
2021,10,Dai Tu,Che Moc Cau,123.6,349388,131,23.1,1658,43184.36
2021,10,Dai Tu,Che Bup,178.81,172499,131,23.1,1658,30844.55
2021,10,Dong Hy,Che Dinh,11.21,2913818,117,23.6,924,32663.9
2021,10,Dong Hy,Che Non Tom,36.23,1233755,117,23.6,924,44698.94
2021,10,Dong Hy,Che Moc Cau,61.38,365082,117,23.6,924,22408.73
2021,10,Dong Hy,Che Bup,109.26,188926,117,23.6,924,20642.05
2021,10,Phu Luong,Che Dinh,13.32,2885120,117,23.9,1144,38429.8
2021,10,Phu Luong,Che Non Tom,38.24,1231381,117,23.9,1144,47088.01
2021,10,Phu Luong,Che Moc Cau,84.32,336039,117,23.9,1144,28334.81
2021,10,Phu Luong,Che Bup,113.28,183617,117,23.9,1144,20800.13
2021,11,Tan Cuong,Che Dinh,2.5,4234148,23,16.9,441,10585.37
2021,11,Tan Cuong,Che Non Tom,8.51,1743900,23,16.9,441,14840.59
2021,11,Tan Cuong,Che Moc Cau,15.04,509976,23,16.9,441,7670.04
2021,11,Tan Cuong,Che Bup,24.25,248225,23,16.9,441,6019.46
2021,11,Dai Tu,Che Dinh,9.8,3121906,30,17.0,1658,30594.68
2021,11,Dai Tu,Che Non Tom,27.52,1199115,30,17.0,1658,32999.64
2021,11,Dai Tu,Che Moc Cau,53.85,348903,30,17.0,1658,18788.43
2021,11,Dai Tu,Che Bup,81.59,173138,30,17.0,1658,14126.33
2021,11,Dong Hy,Che Dinh,5.66,3138651,25,17.1,928,17764.76
2021,11,Dong Hy,Che Non Tom,16.29,1174285,25,17.1,928,19129.1
2021,11,Dong Hy,Che Moc Cau,35.87,340325,25,17.1,928,12207.46
2021,11,Dong Hy,Che Bup,54.75,171218,25,17.1,928,9374.19
2021,11,Phu Luong,Che Dinh,6.95,3147889,33,17.3,1152,21877.83
2021,11,Phu Luong,Che Non Tom,18.97,1206462,33,17.3,1152,22886.58
2021,11,Phu Luong,Che Moc Cau,45.36,350808,33,17.3,1152,15912.65
2021,11,Phu Luong,Che Bup,63.82,183523,33,17.3,1152,11712.44
2021,12,Tan Cuong,Che Dinh,2.51,4929605,12,18.1,461,12373.31
2021,12,Tan Cuong,Che Non Tom,9.05,2094677,12,18.1,461,18956.83
2021,12,Tan Cuong,Che Moc Cau,16.45,595063,12,18.1,461,9788.79
2021,12,Tan Cuong,Che Bup,23.79,292968,12,18.1,461,6969.71
2021,12,Dai Tu,Che Dinh,9.61,3513581,27,17.5,1647,33765.51
2021,12,Dai Tu,Che Non Tom,29.37,1372653,27,17.5,1647,40314.82
2021,12,Dai Tu,Che Moc Cau,56.68,416270,27,17.5,1647,23594.18
2021,12,Dai Tu,Che Bup,90.77,211052,27,17.5,1647,19157.19
2021,12,Dong Hy,Che Dinh,6.08,3569990,23,17.3,932,21705.54
2021,12,Dong Hy,Che Non Tom,17.05,1500361,23,17.3,932,25581.16
2021,12,Dong Hy,Che Moc Cau,30.75,435819,23,17.3,932,13401.43
2021,12,Dong Hy,Che Bup,50.85,208760,23,17.3,932,10615.45
2021,12,Phu Luong,Che Dinh,6.95,3774702,10,18.0,1163,26234.18
2021,12,Phu Luong,Che Non Tom,20.42,1475939,10,18.0,1163,30138.67
2021,12,Phu Luong,Che Moc Cau,40.97,433824,10,18.0,1163,17773.77
2021,12,Phu Luong,Che Bup,63.67,206571,10,18.0,1163,13152.38
2022,1,Tan Cuong,Che Dinh,2.74,5360749,33,16.6,440,14688.45
2022,1,Tan Cuong,Che Non Tom,8.32,2225251,33,16.6,440,18514.09
2022,1,Tan Cuong,Che Moc Cau,16.11,637373,33,16.6,440,10268.08
2022,1,Tan Cuong,Che Bup,24.98,316628,33,16.6,440,7909.37
2022,1,Dai Tu,Che Dinh,9.46,3730037,31,16.7,1660,35286.15
2022,1,Dai Tu,Che Non Tom,28.13,1584131,31,16.7,1660,44561.61
2022,1,Dai Tu,Che Moc Cau,62.83,425027,31,16.7,1660,26704.45
2022,1,Dai Tu,Che Bup,85.49,218019,31,16.7,1660,18638.44
2022,1,Dong Hy,Che Dinh,5.92,3835807,20,17.0,921,22707.98
2022,1,Dong Hy,Che Non Tom,16.78,1583892,20,17.0,921,26577.71
2022,1,Dong Hy,Che Moc Cau,32.52,428906,20,17.0,921,13948.02
2022,1,Dong Hy,Che Bup,45.05,234801,20,17.0,921,10577.79
2022,1,Phu Luong,Che Dinh,6.56,3677239,31,17.2,1160,24122.69
2022,1,Phu Luong,Che Non Tom,18.85,1503593,31,17.2,1160,28342.73
2022,1,Phu Luong,Che Moc Cau,42.51,440402,31,17.2,1160,18721.49
2022,1,Phu Luong,Che Bup,61.86,238213,31,17.2,1160,14735.86
2022,2,Tan Cuong,Che Dinh,2.7,4613324,43,17.3,440,12455.97
2022,2,Tan Cuong,Che Non Tom,8.63,1717950,43,17.3,440,14825.91
2022,2,Tan Cuong,Che Moc Cau,17.19,518990,43,17.3,440,8921.44
2022,2,Tan Cuong,Che Bup,22.61,266028,43,17.3,440,6014.89
2022,2,Dai Tu,Che Dinh,9.51,3222421,34,17.4,1641,30645.22
2022,2,Dai Tu,Che Non Tom,28.0,1218049,34,17.4,1641,34105.37
2022,2,Dai Tu,Che Moc Cau,54.69,357200,34,17.4,1641,19535.27
2022,2,Dai Tu,Che Bup,82.44,183908,34,17.4,1641,15161.38
2022,2,Dong Hy,Che Dinh,5.39,3306178,32,17.1,927,17820.3
2022,2,Dong Hy,Che Non Tom,16.6,1293313,32,17.1,927,21469.0
2022,2,Dong Hy,Che Moc Cau,31.18,359583,32,17.1,927,11211.8
2022,2,Dong Hy,Che Bup,45.46,184483,32,17.1,927,8386.6
2022,2,Phu Luong,Che Dinh,6.84,3086614,34,17.0,1149,21112.44
2022,2,Phu Luong,Che Non Tom,20.12,1272434,34,17.0,1149,25601.37
2022,2,Phu Luong,Che Moc Cau,42.94,353908,34,17.0,1149,15196.81
2022,2,Phu Luong,Che Bup,65.76,193240,34,17.0,1149,12707.46
2022,3,Tan Cuong,Che Dinh,5.16,4588320,141,23.6,450,23675.73
2022,3,Tan Cuong,Che Non Tom,17.0,1724619,141,23.6,450,29318.52
2022,3,Tan Cuong,Che Moc Cau,30.52,512672,141,23.6,450,15646.75
2022,3,Tan Cuong,Che Bup,48.45,270278,141,23.6,450,13094.97
2022,3,Dai Tu,Che Dinh,20.93,3032665,139,24.0,1662,63473.68
2022,3,Dai Tu,Che Non Tom,56.87,1299138,139,24.0,1662,73881.98
2022,3,Dai Tu,Che Moc Cau,129.12,371433,139,24.0,1662,47959.43
2022,3,Dai Tu,Che Bup,180.65,183304,139,24.0,1662,33113.87
2022,3,Dong Hy,Che Dinh,10.22,3255494,128,23.9,925,33271.15
2022,3,Dong Hy,Che Non Tom,31.18,1280136,128,23.9,925,39914.64
2022,3,Dong Hy,Che Moc Cau,71.14,355759,128,23.9,925,25308.7
2022,3,Dong Hy,Che Bup,100.61,185709,128,23.9,925,18684.18
2022,3,Phu Luong,Che Dinh,13.42,3227325,145,24.0,1152,43310.7
2022,3,Phu Luong,Che Non Tom,41.3,1282710,145,24.0,1152,52975.92
2022,3,Phu Luong,Che Moc Cau,86.87,373142,145,24.0,1152,32414.85
2022,3,Phu Luong,Che Bup,126.57,192029,145,24.0,1152,24305.11
2022,4,Tan Cuong,Che Dinh,5.42,4387934,140,23.2,445,23782.6
2022,4,Tan Cuong,Che Non Tom,17.58,1799636,140,23.2,445,31637.6
2022,4,Tan Cuong,Che Moc Cau,30.36,498716,140,23.2,445,15141.02
2022,4,Tan Cuong,Che Bup,44.72,260334,140,23.2,445,11642.14
2022,4,Dai Tu,Che Dinh,20.92,3038697,131,22.7,1643,63569.54
2022,4,Dai Tu,Che Non Tom,63.2,1214968,131,22.7,1643,76785.98
2022,4,Dai Tu,Che Moc Cau,106.9,378307,131,22.7,1643,40441.02
2022,4,Dai Tu,Che Bup,195.09,198367,131,22.7,1643,38699.42
2022,4,Dong Hy,Che Dinh,11.98,3103013,131,23.5,939,37174.1
2022,4,Dong Hy,Che Non Tom,31.58,1293451,131,23.5,939,40847.18
2022,4,Dong Hy,Che Moc Cau,73.41,373105,131,23.5,939,27389.64
2022,4,Dong Hy,Che Bup,102.86,186602,131,23.5,939,19193.88
2022,4,Phu Luong,Che Dinh,13.32,3156288,125,22.8,1151,42041.76
2022,4,Phu Luong,Che Non Tom,41.5,1239234,125,22.8,1151,51428.21
2022,4,Phu Luong,Che Moc Cau,76.49,375104,125,22.8,1151,28691.7
2022,4,Phu Luong,Che Bup,119.05,192350,125,22.8,1151,22899.27
2022,5,Tan Cuong,Che Dinh,7.92,4431640,230,32.8,452,35098.59
2022,5,Tan Cuong,Che Non Tom,24.65,1789512,230,32.8,452,44111.47
2022,5,Tan Cuong,Che Moc Cau,45.9,528986,230,32.8,452,24280.46
2022,5,Tan Cuong,Che Bup,67.19,257472,230,32.8,452,17299.54
2022,5,Dai Tu,Che Dinh,29.5,3213740,236,32.3,1648,94805.33
2022,5,Dai Tu,Che Non Tom,94.23,1221972,236,32.3,1648,115146.42
2022,5,Dai Tu,Che Moc Cau,190.47,380125,236,32.3,1648,72402.41
2022,5,Dai Tu,Che Bup,262.09,199060,236,32.3,1648,52171.64
2022,5,Dong Hy,Che Dinh,16.34,3315610,228,32.4,930,54177.07
2022,5,Dong Hy,Che Non Tom,52.45,1214517,228,32.4,930,63701.42
2022,5,Dong Hy,Che Moc Cau,106.1,383166,228,32.4,930,40653.91
2022,5,Dong Hy,Che Bup,158.21,196515,228,32.4,930,31090.64
2022,5,Phu Luong,Che Dinh,21.24,3187334,224,33.0,1142,67698.97
2022,5,Phu Luong,Che Non Tom,59.93,1319979,224,33.0,1142,79106.34
2022,5,Phu Luong,Che Moc Cau,120.68,382745,224,33.0,1142,46189.67
2022,5,Phu Luong,Che Bup,182.75,188452,224,33.0,1142,34439.6
2022,6,Tan Cuong,Che Dinh,7.69,4403687,274,31.6,440,33864.35
2022,6,Tan Cuong,Che Non Tom,23.91,1703623,274,31.6,440,40733.63
2022,6,Tan Cuong,Che Moc Cau,44.94,521625,274,31.6,440,23441.83
2022,6,Tan Cuong,Che Bup,70.3,262654,274,31.6,440,18464.58
2022,6,Dai Tu,Che Dinh,27.85,3300404,267,31.7,1658,91916.25
2022,6,Dai Tu,Che Non Tom,89.45,1302713,267,31.7,1658,116527.68
2022,6,Dai Tu,Che Moc Cau,181.68,389464,267,31.7,1658,70757.82
2022,6,Dai Tu,Che Bup,282.15,194749,267,31.7,1658,54948.43
2022,6,Dong Hy,Che Dinh,17.19,3263461,260,31.0,942,56098.89
2022,6,Dong Hy,Che Non Tom,54.7,1251912,260,31.0,942,68479.59
2022,6,Dong Hy,Che Moc Cau,108.27,356554,260,31.0,942,38604.1
2022,6,Dong Hy,Che Bup,163.18,183692,260,31.0,942,29974.86
2022,6,Phu Luong,Che Dinh,19.47,3093901,274,31.8,1163,60238.25
2022,6,Phu Luong,Che Non Tom,65.59,1299988,274,31.8,1163,85266.21
2022,6,Phu Luong,Che Moc Cau,129.15,378195,274,31.8,1163,48843.88
2022,6,Phu Luong,Che Bup,190.02,186064,274,31.8,1163,35355.88
2022,7,Tan Cuong,Che Dinh,7.92,4435084,285,32.4,449,35125.87
2022,7,Tan Cuong,Che Non Tom,26.41,1719068,285,32.4,449,45400.59
2022,7,Tan Cuong,Che Moc Cau,49.33,519705,285,32.4,449,25637.05
2022,7,Tan Cuong,Che Bup,74.36,254247,285,32.4,449,18905.81
2022,7,Dai Tu,Che Dinh,32.19,3272246,289,31.9,1650,105333.6
2022,7,Dai Tu,Che Non Tom,80.6,1291253,289,31.9,1650,104074.99
2022,7,Dai Tu,Che Moc Cau,187.87,366341,289,31.9,1650,68824.48
2022,7,Dai Tu,Che Bup,244.25,182735,289,31.9,1650,44633.02
2022,7,Dong Hy,Che Dinh,18.17,3060053,285,32.6,933,55601.16
2022,7,Dong Hy,Che Non Tom,47.72,1229454,285,32.6,933,58669.54
2022,7,Dong Hy,Che Moc Cau,94.44,383520,285,32.6,933,36219.63
2022,7,Dong Hy,Che Bup,146.07,187202,285,32.6,933,27344.6
2022,7,Phu Luong,Che Dinh,20.34,3257671,285,32.4,1158,66261.03
2022,7,Phu Luong,Che Non Tom,58.85,1308606,285,32.4,1158,77011.46
2022,7,Phu Luong,Che Moc Cau,127.66,356689,285,32.4,1158,45534.92
2022,7,Phu Luong,Che Bup,184.39,197735,285,32.4,1158,36460.36
2022,8,Tan Cuong,Che Dinh,8.37,4244023,248,30.8,457,35522.47
2022,8,Tan Cuong,Che Non Tom,26.72,1735964,248,30.8,457,46384.96
2022,8,Tan Cuong,Che Moc Cau,50.12,502026,248,30.8,457,25161.54
2022,8,Tan Cuong,Che Bup,67.13,262084,248,30.8,457,17593.7
2022,8,Dai Tu,Che Dinh,27.79,3326620,264,30.6,1650,92446.77
2022,8,Dai Tu,Che Non Tom,82.84,1261140,264,30.6,1650,104472.84
2022,8,Dai Tu,Che Moc Cau,163.42,389434,264,30.6,1650,63641.3
2022,8,Dai Tu,Che Bup,267.42,192619,264,30.6,1650,51510.17
2022,8,Dong Hy,Che Dinh,18.11,3086234,265,30.1,932,55891.7
2022,8,Dong Hy,Che Non Tom,47.21,1213049,265,30.1,932,57268.04
2022,8,Dong Hy,Che Moc Cau,100.09,373405,265,30.1,932,37374.11
2022,8,Dong Hy,Che Bup,137.87,196057,265,30.1,932,27030.38
2022,8,Phu Luong,Che Dinh,20.53,3148442,264,30.4,1154,64637.51
2022,8,Phu Luong,Che Non Tom,63.06,1228146,264,30.4,1154,77446.89
2022,8,Phu Luong,Che Moc Cau,116.7,384422,264,30.4,1154,44862.05
2022,8,Phu Luong,Che Bup,203.63,188382,264,30.4,1154,38360.23
2022,9,Tan Cuong,Che Dinh,4.93,4548150,89,25.1,441,22422.38
2022,9,Tan Cuong,Che Non Tom,16.38,1696585,89,25.1,441,27790.06
2022,9,Tan Cuong,Che Moc Cau,29.99,505432,89,25.1,441,15157.91
2022,9,Tan Cuong,Che Bup,49.27,254290,89,25.1,441,12528.87
2022,9,Dai Tu,Che Dinh,21.48,3198037,103,25.7,1661,68693.83
2022,9,Dai Tu,Che Non Tom,62.44,1310836,103,25.7,1661,81848.6
2022,9,Dai Tu,Che Moc Cau,131.28,374828,103,25.7,1661,49207.42
2022,9,Dai Tu,Che Bup,190.4,199627,103,25.7,1661,38008.98
2022,9,Dong Hy,Che Dinh,11.06,3124028,93,25.2,939,34551.75
2022,9,Dong Hy,Che Non Tom,31.01,1288948,93,25.2,939,39970.28
2022,9,Dong Hy,Che Moc Cau,70.8,383915,93,25.2,939,27181.18
2022,9,Dong Hy,Che Bup,93.76,197982,93,25.2,939,18562.79
2022,9,Phu Luong,Che Dinh,14.23,3127805,90,26.0,1157,44508.67
2022,9,Phu Luong,Che Non Tom,44.36,1254581,90,26.0,1157,55653.21
2022,9,Phu Luong,Che Moc Cau,75.54,383267,90,26.0,1157,28951.99
2022,9,Phu Luong,Che Bup,121.09,196024,90,26.0,1157,23736.55
2022,10,Tan Cuong,Che Dinh,5.7,4291778,90,24.1,451,24463.13
2022,10,Tan Cuong,Che Non Tom,17.43,1778561,90,24.1,451,31000.32
2022,10,Tan Cuong,Che Moc Cau,35.03,534974,90,24.1,451,18740.14
2022,10,Tan Cuong,Che Bup,47.98,254364,90,24.1,451,12204.38
2022,10,Dai Tu,Che Dinh,20.37,3103008,96,23.7,1653,63208.27
2022,10,Dai Tu,Che Non Tom,55.22,1314603,96,23.7,1653,72592.38
2022,10,Dai Tu,Che Moc Cau,130.55,371953,96,23.7,1653,48558.46
2022,10,Dai Tu,Che Bup,166.8,186455,96,23.7,1653,31100.69
2022,10,Dong Hy,Che Dinh,10.31,3204332,93,24.1,930,33036.66
2022,10,Dong Hy,Che Non Tom,31.97,1278891,93,24.1,930,40886.15
2022,10,Dong Hy,Che Moc Cau,68.99,383233,93,24.1,930,26439.24
2022,10,Dong Hy,Che Bup,94.54,181469,93,24.1,930,17156.08
2022,10,Phu Luong,Che Dinh,13.23,3222325,93,23.9,1160,42631.36
2022,10,Phu Luong,Che Non Tom,41.71,1281323,93,23.9,1160,53443.98
2022,10,Phu Luong,Che Moc Cau,89.17,367452,93,23.9,1160,32765.69
2022,10,Phu Luong,Che Bup,132.07,189312,93,23.9,1160,25002.44
2022,11,Tan Cuong,Che Dinh,2.76,4338629,11,15.7,450,11974.62
2022,11,Tan Cuong,Che Non Tom,7.92,1743170,11,15.7,450,13805.91
2022,11,Tan Cuong,Che Moc Cau,15.73,530777,11,15.7,450,8349.12
2022,11,Tan Cuong,Che Bup,23.31,268893,11,15.7,450,6267.9
2022,11,Dai Tu,Che Dinh,9.13,3174834,25,16.6,1641,28986.23
2022,11,Dai Tu,Che Non Tom,28.18,1277068,25,16.6,1641,35987.78
2022,11,Dai Tu,Che Moc Cau,55.08,383670,25,16.6,1641,21132.54
2022,11,Dai Tu,Che Bup,94.75,199485,25,16.6,1641,18901.2
2022,11,Dong Hy,Che Dinh,5.55,3130514,12,16.2,930,17374.35
2022,11,Dong Hy,Che Non Tom,16.24,1260907,12,16.2,930,20477.13
2022,11,Dong Hy,Che Moc Cau,34.85,374646,12,16.2,930,13056.41
2022,11,Dong Hy,Che Bup,49.82,182708,12,16.2,930,9102.51
2022,11,Phu Luong,Che Dinh,7.59,3022670,15,15.6,1157,22942.07
2022,11,Phu Luong,Che Non Tom,19.17,1248416,15,15.6,1157,23932.13
2022,11,Phu Luong,Che Moc Cau,44.21,388143,15,15.6,1157,17159.8
2022,11,Phu Luong,Che Bup,66.1,194435,15,15.6,1157,12852.15
2022,12,Tan Cuong,Che Dinh,2.9,5427228,44,16.3,455,15738.96
2022,12,Tan Cuong,Che Non Tom,8.5,2211581,44,16.3,455,18798.44
2022,12,Tan Cuong,Che Moc Cau,15.56,622620,44,16.3,455,9687.97
2022,12,Tan Cuong,Che Bup,23.2,336175,44,16.3,455,7799.26
2022,12,Dai Tu,Che Dinh,10.09,4006553,40,15.6,1652,40426.12
2022,12,Dai Tu,Che Non Tom,30.07,1522310,40,15.6,1652,45775.86
2022,12,Dai Tu,Che Moc Cau,57.25,428305,40,15.6,1652,24520.46
2022,12,Dai Tu,Che Bup,93.33,221921,40,15.6,1652,20711.89
2022,12,Dong Hy,Che Dinh,5.89,3909516,43,16.0,927,23027.05
2022,12,Dong Hy,Che Non Tom,15.2,1519553,43,16.0,927,23097.21
2022,12,Dong Hy,Che Moc Cau,33.52,451635,43,16.0,927,15138.81
2022,12,Dong Hy,Che Bup,51.56,225862,43,16.0,927,11645.44
2022,12,Phu Luong,Che Dinh,7.18,3754896,38,15.7,1151,26960.15
2022,12,Phu Luong,Che Non Tom,21.65,1460055,38,15.7,1151,31610.19
2022,12,Phu Luong,Che Moc Cau,39.91,446958,38,15.7,1151,17838.09
2022,12,Phu Luong,Che Bup,65.77,224810,38,15.7,1151,14785.75
2023,1,Tan Cuong,Che Dinh,2.67,5623317,36,17.7,452,15014.26
2023,1,Tan Cuong,Che Non Tom,8.93,2145077,36,17.7,452,19155.54
2023,1,Tan Cuong,Che Moc Cau,15.25,650918,36,17.7,452,9926.5
2023,1,Tan Cuong,Che Bup,26.52,324125,36,17.7,452,8595.8
2023,1,Dai Tu,Che Dinh,9.1,3845559,46,16.9,1653,34994.59
2023,1,Dai Tu,Che Non Tom,29.63,1625824,46,16.9,1653,48173.17
2023,1,Dai Tu,Che Moc Cau,56.79,465615,46,16.9,1653,26442.28
2023,1,Dai Tu,Che Bup,81.97,237961,46,16.9,1653,19505.66
2023,1,Dong Hy,Che Dinh,5.07,4018819,31,17.5,939,20375.41
2023,1,Dong Hy,Che Non Tom,16.22,1669703,31,17.5,939,27082.58
2023,1,Dong Hy,Che Moc Cau,35.26,474591,31,17.5,939,16734.08
2023,1,Dong Hy,Che Bup,48.45,251846,31,17.5,939,12201.94
2023,1,Phu Luong,Che Dinh,6.77,3880573,35,16.9,1154,26271.48
2023,1,Phu Luong,Che Non Tom,22.67,1660859,35,16.9,1154,37651.67
2023,1,Phu Luong,Che Moc Cau,39.54,474565,35,16.9,1154,18764.3
2023,1,Phu Luong,Che Bup,68.33,251214,35,16.9,1154,17165.45
2023,2,Tan Cuong,Che Dinh,2.98,4577778,34,16.8,452,13641.78
2023,2,Tan Cuong,Che Non Tom,8.86,1909757,34,16.8,452,16920.45
2023,2,Tan Cuong,Che Moc Cau,16.62,549496,34,16.8,452,9132.62
2023,2,Tan Cuong,Che Bup,23.09,273110,34,16.8,452,6306.11
2023,2,Dai Tu,Che Dinh,10.53,3461058,49,17.6,1648,36444.94
2023,2,Dai Tu,Che Non Tom,30.43,1305873,49,17.6,1648,39737.72
2023,2,Dai Tu,Che Moc Cau,59.54,395813,49,17.6,1648,23566.71
2023,2,Dai Tu,Che Bup,89.44,196766,49,17.6,1648,17598.75
2023,2,Dong Hy,Che Dinh,6.08,3493538,50,17.1,922,21240.71
2023,2,Dong Hy,Che Non Tom,16.47,1360522,50,17.1,922,22407.8
2023,2,Dong Hy,Che Moc Cau,34.84,373766,50,17.1,922,13022.01
2023,2,Dong Hy,Che Bup,53.72,208860,50,17.1,922,11219.96
2023,2,Phu Luong,Che Dinh,6.59,3352163,41,17.0,1150,22090.75
2023,2,Phu Luong,Che Non Tom,18.81,1391334,41,17.0,1150,26170.99
2023,2,Phu Luong,Che Moc Cau,37.55,385298,41,17.0,1150,14467.94
2023,2,Phu Luong,Che Bup,67.46,206341,41,17.0,1150,13919.76
2023,3,Tan Cuong,Che Dinh,5.69,4702059,118,23.4,454,26754.72
2023,3,Tan Cuong,Che Non Tom,14.97,1828949,118,23.4,454,27379.37
2023,3,Tan Cuong,Che Moc Cau,33.89,525538,118,23.4,454,17810.48
2023,3,Tan Cuong,Che Bup,52.48,282103,118,23.4,454,14804.77
2023,3,Dai Tu,Che Dinh,20.6,3382085,115,23.4,1658,69670.95
2023,3,Dai Tu,Che Non Tom,56.91,1394887,115,23.4,1658,79383.02
2023,3,Dai Tu,Che Moc Cau,126.48,398211,115,23.4,1658,50365.73
2023,3,Dai Tu,Che Bup,191.62,209004,115,23.4,1658,40049.35
2023,3,Dong Hy,Che Dinh,11.58,3420527,125,23.9,928,39609.7
2023,3,Dong Hy,Che Non Tom,34.2,1377965,125,23.9,928,47126.4
2023,3,Dong Hy,Che Moc Cau,62.25,406930,125,23.9,928,25331.39
2023,3,Dong Hy,Che Bup,107.68,192109,125,23.9,928,20686.3
2023,3,Phu Luong,Che Dinh,13.48,3441818,122,23.2,1162,46395.71
2023,3,Phu Luong,Che Non Tom,38.99,1386734,122,23.2,1162,54068.76
2023,3,Phu Luong,Che Moc Cau,89.22,392292,122,23.2,1162,35000.29
2023,3,Phu Luong,Che Bup,113.11,197306,122,23.2,1162,22317.28
2023,4,Tan Cuong,Che Dinh,5.24,4473067,141,22.9,448,23438.87
2023,4,Tan Cuong,Che Non Tom,17.16,1811688,141,22.9,448,31088.57
2023,4,Tan Cuong,Che Moc Cau,30.86,522371,141,22.9,448,16120.37
2023,4,Tan Cuong,Che Bup,47.73,291839,141,22.9,448,13929.48
2023,4,Dai Tu,Che Dinh,21.58,3423129,129,22.9,1654,73871.12
2023,4,Dai Tu,Che Non Tom,54.4,1317249,129,22.9,1654,71658.35
2023,4,Dai Tu,Che Moc Cau,124.05,375040,129,22.9,1654,46523.71
2023,4,Dai Tu,Che Bup,181.57,198493,129,22.9,1654,36040.37
2023,4,Dong Hy,Che Dinh,12.39,3517542,142,23.7,943,43582.35
2023,4,Dong Hy,Che Non Tom,35.64,1294283,142,23.7,943,46128.25
2023,4,Dong Hy,Che Moc Cau,71.4,373363,142,23.7,943,26658.12
2023,4,Dong Hy,Che Bup,92.11,198043,142,23.7,943,18241.74
2023,4,Phu Luong,Che Dinh,12.47,3245403,143,23.1,1154,40470.18
2023,4,Phu Luong,Che Non Tom,41.28,1403714,143,23.1,1154,57945.31
2023,4,Phu Luong,Che Moc Cau,76.48,405885,143,23.1,1154,31042.08
2023,4,Phu Luong,Che Bup,125.31,208170,143,23.1,1154,26085.78
2023,5,Tan Cuong,Che Dinh,8.18,4597341,298,30.1,441,37606.25
2023,5,Tan Cuong,Che Non Tom,25.96,1815943,298,30.1,441,47141.88
2023,5,Tan Cuong,Che Moc Cau,46.98,573145,298,30.1,441,26926.35
2023,5,Tan Cuong,Che Bup,70.3,286149,298,30.1,441,20116.27
2023,5,Dai Tu,Che Dinh,32.48,3329536,302,29.7,1645,108143.33
2023,5,Dai Tu,Che Non Tom,95.83,1307705,302,29.7,1645,125317.37
2023,5,Dai Tu,Che Moc Cau,167.47,373620,302,29.7,1645,62570.14
2023,5,Dai Tu,Che Bup,274.57,198949,302,29.7,1645,54625.43
2023,5,Dong Hy,Che Dinh,18.39,3254336,295,29.9,934,59847.24
2023,5,Dong Hy,Che Non Tom,54.15,1381174,295,29.9,934,74790.57
2023,5,Dong Hy,Che Moc Cau,106.34,405515,295,29.9,934,43122.47
2023,5,Dong Hy,Che Bup,159.21,204144,295,29.9,934,32501.77
2023,5,Phu Luong,Che Dinh,20.56,3192413,286,29.6,1151,65636.01
2023,5,Phu Luong,Che Non Tom,63.38,1358421,286,29.6,1151,86096.72
2023,5,Phu Luong,Che Moc Cau,118.03,394289,286,29.6,1151,46537.93
2023,5,Phu Luong,Che Bup,176.23,194762,286,29.6,1151,34322.91
2023,6,Tan Cuong,Che Dinh,7.97,4682935,296,31.6,460,37322.99
2023,6,Tan Cuong,Che Non Tom,22.41,1801151,296,31.6,460,40363.79
2023,6,Tan Cuong,Che Moc Cau,48.61,547699,296,31.6,460,26623.65
2023,6,Tan Cuong,Che Bup,76.01,276359,296,31.6,460,21006.05
2023,6,Dai Tu,Che Dinh,32.16,3435359,295,31.8,1652,110481.15
2023,6,Dai Tu,Che Non Tom,93.65,1296411,295,31.8,1652,121408.89
2023,6,Dai Tu,Che Moc Cau,164.24,394779,295,31.8,1652,64838.5
2023,6,Dai Tu,Che Bup,241.84,201244,295,31.8,1652,48668.85
2023,6,Dong Hy,Che Dinh,15.24,3301690,295,31.4,939,50317.76
2023,6,Dong Hy,Che Non Tom,50.89,1288609,295,31.4,939,65577.31
2023,6,Dong Hy,Che Moc Cau,98.38,373701,295,31.4,939,36764.7
2023,6,Dong Hy,Che Bup,139.3,199521,295,31.4,939,27793.28
2023,6,Phu Luong,Che Dinh,21.32,3460997,300,31.4,1141,73788.46
2023,6,Phu Luong,Che Non Tom,57.92,1299309,300,31.4,1141,75255.98
2023,6,Phu Luong,Che Moc Cau,113.48,397348,300,31.4,1141,45091.05
2023,6,Phu Luong,Che Bup,192.48,192156,300,31.4,1141,36986.19
2023,7,Tan Cuong,Che Dinh,8.79,4762943,232,31.9,448,41866.27
2023,7,Tan Cuong,Che Non Tom,25.56,1902722,232,31.9,448,48633.57
2023,7,Tan Cuong,Che Moc Cau,48.23,557625,232,31.9,448,26894.25
2023,7,Tan Cuong,Che Bup,73.35,284991,232,31.9,448,20904.09
2023,7,Dai Tu,Che Dinh,27.89,3339372,217,31.0,1661,93135.09
2023,7,Dai Tu,Che Non Tom,93.73,1356536,217,31.0,1661,127148.12
2023,7,Dai Tu,Che Moc Cau,184.78,391187,217,31.0,1661,72283.53
2023,7,Dai Tu,Che Bup,275.31,198152,217,31.0,1661,54553.23
2023,7,Dong Hy,Che Dinh,18.04,3337708,218,31.7,933,60212.25
2023,7,Dong Hy,Che Non Tom,45.78,1298528,218,31.7,933,59446.61
2023,7,Dong Hy,Che Moc Cau,91.11,398007,218,31.7,933,36262.42
2023,7,Dong Hy,Che Bup,146.08,202456,218,31.7,933,29574.77
2023,7,Phu Luong,Che Dinh,19.41,3332582,224,31.4,1142,64685.42
2023,7,Phu Luong,Che Non Tom,58.01,1389756,224,31.4,1142,80619.75
2023,7,Phu Luong,Che Moc Cau,115.3,410062,224,31.4,1142,47280.15
2023,7,Phu Luong,Che Bup,181.89,208580,224,31.4,1142,37938.62
2023,8,Tan Cuong,Che Dinh,8.19,4710583,265,30.4,451,38579.67
2023,8,Tan Cuong,Che Non Tom,24.78,1793050,265,30.4,451,44431.78
2023,8,Tan Cuong,Che Moc Cau,47.69,554627,265,30.4,451,26450.16
2023,8,Tan Cuong,Che Bup,74.49,290508,265,30.4,451,21639.94
2023,8,Dai Tu,Che Dinh,28.35,3312674,255,30.9,1646,93914.31
2023,8,Dai Tu,Che Non Tom,86.82,1339405,255,30.9,1646,116287.14
2023,8,Dai Tu,Che Moc Cau,189.71,381643,255,30.9,1646,72401.49
2023,8,Dai Tu,Che Bup,281.37,199691,255,30.9,1646,56187.06
2023,8,Dong Hy,Che Dinh,18.55,3252808,255,30.1,942,60339.59
2023,8,Dong Hy,Che Non Tom,54.47,1342962,255,30.1,942,73151.14
2023,8,Dong Hy,Che Moc Cau,96.59,406533,255,30.1,942,39267.02
2023,8,Dong Hy,Che Bup,150.93,201898,255,30.1,942,30472.47
2023,8,Phu Luong,Che Dinh,19.54,3323403,265,30.5,1164,64939.29
2023,8,Phu Luong,Che Non Tom,68.76,1311493,265,30.5,1164,90178.26
2023,8,Phu Luong,Che Moc Cau,129.65,385147,265,30.5,1164,49934.31
2023,8,Phu Luong,Che Bup,198.88,194158,265,30.5,1164,38614.14
2023,9,Tan Cuong,Che Dinh,5.04,4713301,133,22.5,450,23755.04
2023,9,Tan Cuong,Che Non Tom,15.67,1943482,133,22.5,450,30454.36
2023,9,Tan Cuong,Che Moc Cau,31.95,535009,133,22.5,450,17093.54
2023,9,Tan Cuong,Che Bup,49.74,288076,133,22.5,450,14328.9
2023,9,Dai Tu,Che Dinh,20.35,3311861,143,22.8,1661,67396.37
2023,9,Dai Tu,Che Non Tom,60.2,1381872,143,22.8,1661,83188.69
2023,9,Dai Tu,Che Moc Cau,124.5,389897,143,22.8,1661,48542.18
2023,9,Dai Tu,Che Bup,192.46,202772,143,22.8,1661,39025.5
2023,9,Dong Hy,Che Dinh,10.42,3269659,141,23.4,939,34069.85
2023,9,Dong Hy,Che Non Tom,30.77,1362816,141,23.4,939,41933.85
2023,9,Dong Hy,Che Moc Cau,63.89,379456,141,23.4,939,24243.44
2023,9,Dong Hy,Che Bup,93.07,193602,141,23.4,939,18018.54
2023,9,Phu Luong,Che Dinh,13.61,3353245,137,23.1,1158,45637.66
2023,9,Phu Luong,Che Non Tom,43.24,1279135,137,23.1,1158,55309.8
2023,9,Phu Luong,Che Moc Cau,80.43,410545,137,23.1,1158,33020.13
2023,9,Phu Luong,Che Bup,127.07,196645,137,23.1,1158,24987.68
2023,10,Tan Cuong,Che Dinh,4.9,4613650,127,23.6,451,22606.88
2023,10,Tan Cuong,Che Non Tom,16.9,1825500,127,23.6,451,30850.95
2023,10,Tan Cuong,Che Moc Cau,33.6,574588,127,23.6,451,19306.16
2023,10,Tan Cuong,Che Bup,44.75,287111,127,23.6,451,12848.22
2023,10,Dai Tu,Che Dinh,18.77,3414308,126,24.5,1645,64086.56
2023,10,Dai Tu,Che Non Tom,64.89,1327105,126,24.5,1645,86115.84
2023,10,Dai Tu,Che Moc Cau,107.01,381970,126,24.5,1645,40874.61
2023,10,Dai Tu,Che Bup,189.42,208950,126,24.5,1645,39579.31
2023,10,Dong Hy,Che Dinh,11.9,3500675,133,23.6,936,41658.03
2023,10,Dong Hy,Che Non Tom,34.37,1403253,133,23.6,936,48229.81
2023,10,Dong Hy,Che Moc Cau,71.8,398545,133,23.6,936,28615.53
2023,10,Dong Hy,Che Bup,102.65,198547,133,23.6,936,20380.85
2023,10,Phu Luong,Che Dinh,13.19,3483123,139,24.1,1141,45942.39
2023,10,Phu Luong,Che Non Tom,45.13,1377926,139,24.1,1141,62185.8
2023,10,Phu Luong,Che Moc Cau,75.42,383716,139,24.1,1141,28939.86
2023,10,Phu Luong,Che Bup,113.59,204634,139,24.1,1141,23244.38
2023,11,Tan Cuong,Che Dinh,2.81,4844091,33,16.9,445,13611.9
2023,11,Tan Cuong,Che Non Tom,7.91,1941403,33,16.9,445,15356.5
2023,11,Tan Cuong,Che Moc Cau,14.8,551241,33,16.9,445,8158.37
2023,11,Tan Cuong,Che Bup,21.65,277289,33,16.9,445,6003.31
2023,11,Dai Tu,Che Dinh,9.67,3376295,21,16.7,1651,32648.77
2023,11,Dai Tu,Che Non Tom,30.29,1350140,21,16.7,1651,40895.74
2023,11,Dai Tu,Che Moc Cau,58.78,372974,21,16.7,1651,21923.41
2023,11,Dai Tu,Che Bup,90.71,194915,21,16.7,1651,17680.74
2023,11,Dong Hy,Che Dinh,5.6,3374234,24,16.9,933,18895.71
2023,11,Dong Hy,Che Non Tom,18.31,1390659,24,16.9,933,25462.97
2023,11,Dong Hy,Che Moc Cau,36.37,404299,24,16.9,933,14704.35
2023,11,Dong Hy,Che Bup,46.44,194523,24,16.9,933,9033.65
2023,11,Phu Luong,Che Dinh,6.9,3324506,19,16.3,1155,22939.09
2023,11,Phu Luong,Che Non Tom,21.0,1377180,19,16.3,1155,28920.78
2023,11,Phu Luong,Che Moc Cau,43.37,392832,19,16.3,1155,17037.12
2023,11,Phu Luong,Che Bup,66.39,200206,19,16.3,1155,13291.68
2023,12,Tan Cuong,Che Dinh,2.48,5890030,28,18.2,454,14607.27
2023,12,Tan Cuong,Che Non Tom,7.93,2167924,28,18.2,454,17191.64
2023,12,Tan Cuong,Che Moc Cau,16.3,642542,28,18.2,454,10473.43
2023,12,Tan Cuong,Che Bup,23.46,332161,28,18.2,454,7792.5
2023,12,Dai Tu,Che Dinh,9.11,4119750,27,17.9,1654,37530.92
2023,12,Dai Tu,Che Non Tom,29.18,1689686,27,17.9,1654,49305.04
2023,12,Dai Tu,Che Moc Cau,63.39,471457,27,17.9,1654,29885.66
2023,12,Dai Tu,Che Bup,82.59,250614,27,17.9,1654,20698.21
2023,12,Dong Hy,Che Dinh,5.33,4150301,37,17.5,926,22121.1
2023,12,Dong Hy,Che Non Tom,15.62,1680175,37,17.5,926,26244.33
2023,12,Dong Hy,Che Moc Cau,32.83,450974,37,17.5,926,14805.48
2023,12,Dong Hy,Che Bup,53.16,238859,37,17.5,926,12697.74
2023,12,Phu Luong,Che Dinh,6.22,4087635,34,17.4,1152,25425.09
2023,12,Phu Luong,Che Non Tom,20.8,1627885,34,17.4,1152,33860.01
2023,12,Phu Luong,Che Moc Cau,43.91,477296,34,17.4,1152,20958.07
2023,12,Phu Luong,Che Bup,58.16,238551,34,17.4,1152,13874.13
2024,1,Tan Cuong,Che Dinh,2.88,5813272,35,18.4,455,16742.22
2024,1,Tan Cuong,Che Non Tom,8.72,2360738,35,18.4,455,20585.64
2024,1,Tan Cuong,Che Moc Cau,16.93,665776,35,18.4,455,11271.59
2024,1,Tan Cuong,Che Bup,25.18,355110,35,18.4,455,8941.67
2024,1,Dai Tu,Che Dinh,10.41,4402116,23,18.4,1657,45826.03
2024,1,Dai Tu,Che Non Tom,28.14,1630503,23,18.4,1657,45882.35
2024,1,Dai Tu,Che Moc Cau,53.97,502636,23,18.4,1657,27127.26
2024,1,Dai Tu,Che Bup,91.39,256070,23,18.4,1657,23402.24
2024,1,Dong Hy,Che Dinh,5.68,4246626,27,18.6,929,24120.84
2024,1,Dong Hy,Che Non Tom,18.35,1637423,27,18.6,929,30046.71
2024,1,Dong Hy,Che Moc Cau,34.75,490858,27,18.6,929,17057.32
2024,1,Dong Hy,Che Bup,49.45,260426,27,18.6,929,12878.07
2024,1,Phu Luong,Che Dinh,6.42,4079825,29,19.2,1156,26192.48
2024,1,Phu Luong,Che Non Tom,21.74,1712519,29,19.2,1156,37230.16
2024,1,Phu Luong,Che Moc Cau,39.74,474756,29,19.2,1156,18866.8
2024,1,Phu Luong,Che Bup,57.25,264927,29,19.2,1156,15167.07
2024,2,Tan Cuong,Che Dinh,2.41,4965446,17,16.8,440,11966.72
2024,2,Tan Cuong,Che Non Tom,7.24,2041942,17,16.8,440,14783.66
2024,2,Tan Cuong,Che Moc Cau,15.0,580513,17,16.8,440,8707.7
2024,2,Tan Cuong,Che Bup,25.57,301846,17,16.8,440,7718.2
2024,2,Dai Tu,Che Dinh,9.63,3599998,23,16.7,1661,34667.98
2024,2,Dai Tu,Che Non Tom,32.85,1438916,23,16.7,1661,47268.39
2024,2,Dai Tu,Che Moc Cau,60.49,422525,23,16.7,1661,25558.54
2024,2,Dai Tu,Che Bup,89.07,203057,23,16.7,1661,18086.29
2024,2,Dong Hy,Che Dinh,5.74,3630212,15,17.4,931,20837.42
2024,2,Dong Hy,Che Non Tom,15.65,1403182,15,17.4,931,21959.8
2024,2,Dong Hy,Che Moc Cau,33.0,426290,15,17.4,931,14067.57
2024,2,Dong Hy,Che Bup,45.26,208170,15,17.4,931,9421.77
2024,2,Phu Luong,Che Dinh,6.72,3405419,31,16.9,1147,22884.42
2024,2,Phu Luong,Che Non Tom,22.6,1348035,31,16.9,1147,30465.59
2024,2,Phu Luong,Che Moc Cau,43.25,424093,31,16.9,1147,18342.02
2024,2,Phu Luong,Che Bup,58.76,216043,31,16.9,1147,12694.69
2024,3,Tan Cuong,Che Dinh,5.08,5117599,106,24.8,457,25997.4
2024,3,Tan Cuong,Che Non Tom,17.38,2023781,106,24.8,457,35173.31
2024,3,Tan Cuong,Che Moc Cau,29.85,566816,106,24.8,457,16919.46
2024,3,Tan Cuong,Che Bup,47.02,293201,106,24.8,457,13786.31
2024,3,Dai Tu,Che Dinh,20.13,3471155,100,24.9,1660,69874.35
2024,3,Dai Tu,Che Non Tom,58.53,1408523,100,24.9,1660,82440.85
2024,3,Dai Tu,Che Moc Cau,121.92,413647,100,24.9,1660,50431.84
2024,3,Dai Tu,Che Bup,194.32,212335,100,24.9,1660,41260.94
2024,3,Dong Hy,Che Dinh,11.29,3503601,103,24.4,941,39555.66
2024,3,Dong Hy,Che Non Tom,34.15,1434117,103,24.4,941,48975.1
2024,3,Dong Hy,Che Moc Cau,70.11,414341,103,24.4,941,29049.45
2024,3,Dong Hy,Che Bup,106.13,204780,103,24.4,941,21733.3
2024,3,Phu Luong,Che Dinh,13.26,3371104,118,24.8,1146,44700.84
2024,3,Phu Luong,Che Non Tom,38.4,1376863,118,24.8,1146,52871.54
2024,3,Phu Luong,Che Moc Cau,90.06,416016,118,24.8,1146,37466.4
2024,3,Phu Luong,Che Bup,134.48,213996,118,24.8,1146,28778.18
2024,4,Tan Cuong,Che Dinh,5.72,4794850,133,23.4,453,27426.54
2024,4,Tan Cuong,Che Non Tom,16.32,1962310,133,23.4,453,32024.9
2024,4,Tan Cuong,Che Moc Cau,30.31,570540,133,23.4,453,17293.07
2024,4,Tan Cuong,Che Bup,44.7,283259,133,23.4,453,12661.68
2024,4,Dai Tu,Che Dinh,20.17,3704901,147,23.8,1664,74727.85
2024,4,Dai Tu,Che Non Tom,59.1,1389353,147,23.8,1664,82110.76
2024,4,Dai Tu,Che Moc Cau,119.96,410501,147,23.8,1664,49243.7
2024,4,Dai Tu,Che Bup,165.54,215391,147,23.8,1664,35655.83
2024,4,Dong Hy,Che Dinh,10.38,3384717,134,23.5,930,35133.36
2024,4,Dong Hy,Che Non Tom,35.36,1410307,134,23.5,930,49868.46
2024,4,Dong Hy,Che Moc Cau,61.04,433437,134,23.5,930,26456.99
2024,4,Dong Hy,Che Bup,91.56,216542,134,23.5,930,19826.59
2024,4,Phu Luong,Che Dinh,12.6,3640074,151,23.0,1148,45864.93
2024,4,Phu Luong,Che Non Tom,39.39,1370371,151,23.0,1148,53978.91
2024,4,Phu Luong,Che Moc Cau,85.82,417875,151,23.0,1148,35862.03
2024,4,Phu Luong,Che Bup,127.29,206641,151,23.0,1148,26303.33
2024,5,Tan Cuong,Che Dinh,7.39,5147601,266,29.6,443,38040.77
2024,5,Tan Cuong,Che Non Tom,23.68,1921861,266,29.6,443,45509.67
2024,5,Tan Cuong,Che Moc Cau,46.58,573234,266,29.6,443,26701.24
2024,5,Tan Cuong,Che Bup,76.47,304306,266,29.6,443,23270.28
2024,5,Dai Tu,Che Dinh,29.4,3533395,265,29.2,1661,103881.81
2024,5,Dai Tu,Che Non Tom,81.07,1381989,265,29.2,1661,112037.85
2024,5,Dai Tu,Che Moc Cau,188.73,398012,265,29.2,1661,75116.8
2024,5,Dai Tu,Che Bup,270.98,206350,265,29.2,1661,55916.72
2024,5,Dong Hy,Che Dinh,15.9,3385874,278,29.8,940,53835.4
2024,5,Dong Hy,Che Non Tom,46.12,1397791,278,29.8,940,64466.12
2024,5,Dong Hy,Che Moc Cau,96.77,419033,278,29.8,940,40549.82
2024,5,Dong Hy,Che Bup,152.26,207430,278,29.8,940,31583.29
2024,5,Phu Luong,Che Dinh,19.81,3593705,264,30.1,1160,71191.3
2024,5,Phu Luong,Che Non Tom,66.53,1432153,264,30.1,1160,95281.14
2024,5,Phu Luong,Che Moc Cau,134.29,408555,264,30.1,1160,54864.85
2024,5,Phu Luong,Che Bup,205.07,204607,264,30.1,1160,41958.76
2024,6,Tan Cuong,Che Dinh,7.96,4834414,281,32.3,448,38481.94
2024,6,Tan Cuong,Che Non Tom,25.84,1890897,281,32.3,448,48860.78
2024,6,Tan Cuong,Che Moc Cau,52.27,575972,281,32.3,448,30106.06
2024,6,Tan Cuong,Che Bup,74.57,302098,281,32.3,448,22527.45
2024,6,Dai Tu,Che Dinh,32.23,3522519,280,31.8,1661,113530.79
2024,6,Dai Tu,Che Non Tom,96.55,1360166,280,31.8,1661,131324.03
2024,6,Dai Tu,Che Moc Cau,196.91,410657,280,31.8,1661,80862.47
2024,6,Dai Tu,Che Bup,244.75,202587,280,31.8,1661,49583.17
2024,6,Dong Hy,Che Dinh,17.98,3400300,283,32.3,942,61137.39
2024,6,Dong Hy,Che Non Tom,46.14,1417214,283,32.3,942,65390.25
2024,6,Dong Hy,Che Moc Cau,99.45,411428,283,32.3,942,40916.51
2024,6,Dong Hy,Che Bup,167.61,222398,283,32.3,942,37276.13
2024,6,Phu Luong,Che Dinh,20.24,3508894,279,32.4,1158,71020.01
2024,6,Phu Luong,Che Non Tom,63.15,1462803,279,32.4,1158,92376.01
2024,6,Phu Luong,Che Moc Cau,114.28,409873,279,32.4,1158,46840.29
2024,6,Phu Luong,Che Bup,171.94,212711,279,32.4,1158,36573.53
2024,7,Tan Cuong,Che Dinh,7.57,4768359,298,30.1,447,36096.48
2024,7,Tan Cuong,Che Non Tom,24.69,2036843,298,30.1,447,50289.65
2024,7,Tan Cuong,Che Moc Cau,49.67,579952,298,30.1,447,28806.22
2024,7,Tan Cuong,Che Bup,65.78,311290,298,30.1,447,20476.66
2024,7,Dai Tu,Che Dinh,32.75,3576066,293,30.0,1660,117116.16
2024,7,Dai Tu,Che Non Tom,91.12,1451127,293,30.0,1660,132226.69
2024,7,Dai Tu,Che Moc Cau,190.46,419462,293,30.0,1660,79890.73
2024,7,Dai Tu,Che Bup,248.92,208964,293,30.0,1660,52015.32
2024,7,Dong Hy,Che Dinh,16.26,3515955,307,29.9,927,57169.43
2024,7,Dong Hy,Che Non Tom,49.45,1431992,307,29.9,927,70812.0
2024,7,Dong Hy,Che Moc Cau,108.99,402290,307,29.9,927,43845.59
2024,7,Dong Hy,Che Bup,138.81,205974,307,29.9,927,28591.25
2024,7,Phu Luong,Che Dinh,19.87,3651845,306,30.3,1153,72562.16
2024,7,Phu Luong,Che Non Tom,66.76,1465066,306,30.3,1153,97807.81
2024,7,Phu Luong,Che Moc Cau,134.96,402767,306,30.3,1153,54357.43
2024,7,Phu Luong,Che Bup,196.31,211561,306,30.3,1153,41531.54
2024,8,Tan Cuong,Che Dinh,7.43,4866821,223,31.7,453,36160.48
2024,8,Tan Cuong,Che Non Tom,25.7,1936672,223,31.7,453,49772.47
2024,8,Tan Cuong,Che Moc Cau,49.31,591379,223,31.7,453,29160.9
2024,8,Tan Cuong,Che Bup,67.63,302870,223,31.7,453,20483.1
2024,8,Dai Tu,Che Dinh,29.9,3660608,234,31.7,1659,109452.18
2024,8,Dai Tu,Che Non Tom,93.76,1421980,234,31.7,1659,133324.84
2024,8,Dai Tu,Che Moc Cau,182.41,413345,234,31.7,1659,75398.26
2024,8,Dai Tu,Che Bup,257.88,213781,234,31.7,1659,55129.84
2024,8,Dong Hy,Che Dinh,17.54,3419665,228,32.1,926,59980.92
2024,8,Dong Hy,Che Non Tom,49.62,1346521,228,32.1,926,66814.37
2024,8,Dong Hy,Che Moc Cau,94.94,422352,228,32.1,926,40098.1
2024,8,Dong Hy,Che Bup,164.77,203886,228,32.1,926,33594.3
2024,8,Phu Luong,Che Dinh,20.91,3622507,218,31.7,1149,75746.62
2024,8,Phu Luong,Che Non Tom,63.49,1371824,218,31.7,1149,87097.11
2024,8,Phu Luong,Che Moc Cau,120.5,424720,218,31.7,1149,51178.76
2024,8,Phu Luong,Che Bup,188.16,201891,218,31.7,1149,37987.81
2024,9,Tan Cuong,Che Dinh,5.68,5084200,121,24.9,451,28878.26
2024,9,Tan Cuong,Che Non Tom,16.82,2033201,121,24.9,451,34198.44
2024,9,Tan Cuong,Che Moc Cau,34.69,576483,121,24.9,451,19998.2
2024,9,Tan Cuong,Che Bup,48.73,286200,121,24.9,451,13946.53
2024,9,Dai Tu,Che Dinh,21.38,3572937,108,25.6,1654,76389.39
2024,9,Dai Tu,Che Non Tom,58.25,1403627,108,25.6,1654,81761.27
2024,9,Dai Tu,Che Moc Cau,123.75,392482,108,25.6,1654,48569.65
2024,9,Dai Tu,Che Bup,182.9,209330,108,25.6,1654,38286.46
2024,9,Dong Hy,Che Dinh,11.53,3533264,117,25.0,944,40738.53
2024,9,Dong Hy,Che Non Tom,34.95,1354383,117,25.0,944,47335.69
2024,9,Dong Hy,Che Moc Cau,69.06,415539,117,25.0,944,28697.12
2024,9,Dong Hy,Che Bup,103.19,214598,117,25.0,944,22144.37
2024,9,Phu Luong,Che Dinh,12.39,3477026,122,25.5,1141,43080.35
2024,9,Phu Luong,Che Non Tom,42.2,1366298,122,25.5,1141,57657.78
2024,9,Phu Luong,Che Moc Cau,85.36,423156,122,25.5,1141,36120.6
2024,9,Phu Luong,Che Bup,135.11,206237,122,25.5,1141,27864.68
2024,10,Tan Cuong,Che Dinh,5.27,4923299,127,23.7,455,25945.79
2024,10,Tan Cuong,Che Non Tom,15.03,1927014,127,23.7,455,28963.02
2024,10,Tan Cuong,Che Moc Cau,33.4,591826,127,23.7,455,19766.99
2024,10,Tan Cuong,Che Bup,54.04,310239,127,23.7,455,16765.32
2024,10,Dai Tu,Che Dinh,20.36,3641120,115,24.0,1652,74133.2
2024,10,Dai Tu,Che Non Tom,54.93,1403242,115,24.0,1652,77080.08
2024,10,Dai Tu,Che Moc Cau,127.03,408202,115,24.0,1652,51853.9
2024,10,Dai Tu,Che Bup,180.98,214264,115,24.0,1652,38777.5
2024,10,Dong Hy,Che Dinh,10.95,3372273,134,24.0,944,36926.39
2024,10,Dong Hy,Che Non Tom,30.75,1462968,134,24.0,944,44986.27
2024,10,Dong Hy,Che Moc Cau,64.88,413746,134,24.0,944,26843.84
2024,10,Dong Hy,Che Bup,97.85,221760,134,24.0,944,21699.22
2024,10,Phu Luong,Che Dinh,14.82,3661044,117,24.0,1149,54256.67
2024,10,Phu Luong,Che Non Tom,38.77,1458854,117,24.0,1149,56559.77
2024,10,Phu Luong,Che Moc Cau,82.04,412296,117,24.0,1149,33824.76
2024,10,Phu Luong,Che Bup,115.0,203491,117,24.0,1149,23401.46
2024,11,Tan Cuong,Che Dinh,2.39,4736588,16,19.0,442,11320.45
2024,11,Tan Cuong,Che Non Tom,7.52,1909318,16,19.0,442,14358.07
2024,11,Tan Cuong,Che Moc Cau,15.59,602636,16,19.0,442,9395.1
2024,11,Tan Cuong,Che Bup,23.73,282890,16,19.0,442,6712.98
2024,11,Dai Tu,Che Dinh,9.05,3460604,27,18.2,1663,31318.47
2024,11,Dai Tu,Che Non Tom,28.59,1456657,27,18.2,1663,41645.82
2024,11,Dai Tu,Che Moc Cau,65.55,407680,27,18.2,1663,26723.42
2024,11,Dai Tu,Che Bup,88.52,219723,27,18.2,1663,19449.88
2024,11,Dong Hy,Che Dinh,5.94,3379461,27,18.4,925,20074.0
2024,11,Dong Hy,Che Non Tom,17.05,1424778,27,18.4,925,24292.46
2024,11,Dong Hy,Che Moc Cau,32.27,405367,27,18.4,925,13081.19
2024,11,Dong Hy,Che Bup,52.67,203615,27,18.4,925,10724.4
2024,11,Phu Luong,Che Dinh,6.99,3408307,33,18.9,1154,23824.07
2024,11,Phu Luong,Che Non Tom,22.36,1400912,33,18.9,1154,31324.39
2024,11,Phu Luong,Che Moc Cau,44.27,424882,33,18.9,1154,18809.53
2024,11,Phu Luong,Che Bup,63.87,212282,33,18.9,1154,13558.45
2024,12,Tan Cuong,Che Dinh,2.63,6227911,34,16.5,442,16379.41
2024,12,Tan Cuong,Che Non Tom,8.13,2343079,34,16.5,442,19049.23
2024,12,Tan Cuong,Che Moc Cau,14.68,669642,34,16.5,442,9830.34
2024,12,Tan Cuong,Che Bup,22.56,347945,34,16.5,442,7849.64
2024,12,Dai Tu,Che Dinh,9.12,4400987,30,16.4,1646,40137.0
2024,12,Dai Tu,Che Non Tom,30.95,1625738,30,16.4,1646,50316.59
2024,12,Dai Tu,Che Moc Cau,61.72,497757,30,16.4,1646,30721.56
2024,12,Dai Tu,Che Bup,81.45,253817,30,16.4,1646,20673.39
2024,12,Dong Hy,Che Dinh,6.01,4396669,39,16.1,920,26423.98
2024,12,Dong Hy,Che Non Tom,17.12,1692793,39,16.1,920,28980.62
2024,12,Dong Hy,Che Moc Cau,32.54,503082,39,16.1,920,16370.29
2024,12,Dong Hy,Che Bup,50.13,243723,39,16.1,920,12217.83
2024,12,Phu Luong,Che Dinh,6.83,4057671,35,16.7,1147,27713.89
2024,12,Phu Luong,Che Non Tom,21.83,1648455,35,16.7,1147,35985.77
2024,12,Phu Luong,Che Moc Cau,39.3,478982,35,16.7,1147,18823.99
2024,12,Phu Luong,Che Bup,59.83,261424,35,16.7,1147,15641.0
2025,1,Tan Cuong,Che Dinh,2.88,6086358,45,16.0,447,17528.71
2025,1,Tan Cuong,Che Non Tom,7.97,2621079,45,16.0,447,20890.0
2025,1,Tan Cuong,Che Moc Cau,16.97,694644,45,16.0,447,11788.11
2025,1,Tan Cuong,Che Bup,22.04,373623,45,16.0,447,8234.65
2025,1,Dai Tu,Che Dinh,9.88,4287883,42,15.6,1647,42364.28
2025,1,Dai Tu,Che Non Tom,30.58,1843114,42,15.6,1647,56362.43
2025,1,Dai Tu,Che Moc Cau,57.87,535153,42,15.6,1647,30969.3
2025,1,Dai Tu,Che Bup,97.2,259905,42,15.6,1647,25262.77
2025,1,Dong Hy,Che Dinh,5.9,4498637,38,15.4,929,26541.96
2025,1,Dong Hy,Che Non Tom,17.17,1838795,38,15.4,929,31572.11
2025,1,Dong Hy,Che Moc Cau,32.75,542417,38,15.4,929,17764.16
2025,1,Dong Hy,Che Bup,50.5,258678,38,15.4,929,13063.24
2025,1,Phu Luong,Che Dinh,6.7,4623444,36,15.9,1159,30977.07
2025,1,Phu Luong,Che Non Tom,22.56,1745764,36,15.9,1159,39384.44
2025,1,Phu Luong,Che Moc Cau,45.76,502088,36,15.9,1159,22975.55
2025,1,Phu Luong,Che Bup,58.86,259382,36,15.9,1159,15267.22
2025,2,Tan Cuong,Che Dinh,2.89,5451607,24,17.9,455,15755.14
2025,2,Tan Cuong,Che Non Tom,8.77,2003547,24,17.9,455,17571.11
2025,2,Tan Cuong,Che Moc Cau,17.17,596642,24,17.9,455,10244.34
2025,2,Tan Cuong,Che Bup,26.97,312022,24,17.9,455,8415.23
2025,2,Dai Tu,Che Dinh,10.95,3898479,26,17.9,1660,42688.35
2025,2,Dai Tu,Che Non Tom,30.81,1432918,26,17.9,1660,44148.2
2025,2,Dai Tu,Che Moc Cau,61.99,416337,26,17.9,1660,25808.73
2025,2,Dai Tu,Che Bup,81.2,230408,26,17.9,1660,18709.13
2025,2,Dong Hy,Che Dinh,5.94,3838691,16,17.8,924,22801.82
2025,2,Dong Hy,Che Non Tom,16.77,1519284,16,17.8,924,25478.39
2025,2,Dong Hy,Che Moc Cau,32.03,432748,16,17.8,924,13860.92
2025,2,Dong Hy,Che Bup,53.11,222290,16,17.8,924,11805.82
2025,2,Phu Luong,Che Dinh,7.49,3729461,15,18.4,1160,27933.66
2025,2,Phu Luong,Che Non Tom,19.81,1430405,15,18.4,1160,28336.32
2025,2,Phu Luong,Che Moc Cau,38.31,443507,15,18.4,1160,16990.75
2025,2,Phu Luong,Che Bup,61.64,232247,15,18.4,1160,14315.71
2025,3,Tan Cuong,Che Dinh,5.66,5367466,145,23.9,450,30379.86
2025,3,Tan Cuong,Che Non Tom,17.31,2031948,145,23.9,450,35173.02
2025,3,Tan Cuong,Che Moc Cau,29.36,622139,145,23.9,450,18266.0
2025,3,Tan Cuong,Che Bup,44.77,306696,145,23.9,450,13730.78
2025,3,Dai Tu,Che Dinh,21.38,3618510,144,23.5,1663,77363.74
2025,3,Dai Tu,Che Non Tom,63.9,1455156,144,23.5,1663,92984.47
2025,3,Dai Tu,Che Moc Cau,123.16,442426,144,23.5,1663,54489.19
2025,3,Dai Tu,Che Bup,180.06,218854,144,23.5,1663,39406.85
2025,3,Dong Hy,Che Dinh,11.07,3816440,132,24.1,940,42247.99
2025,3,Dong Hy,Che Non Tom,36.57,1448235,132,24.1,940,52961.95
2025,3,Dong Hy,Che Moc Cau,71.84,414864,132,24.1,940,29803.83
2025,3,Dong Hy,Che Bup,109.62,226565,132,24.1,940,24836.06
2025,3,Phu Luong,Che Dinh,13.63,3855617,131,23.7,1145,52552.06
2025,3,Phu Luong,Che Non Tom,41.6,1470203,131,23.7,1145,61160.44
2025,3,Phu Luong,Che Moc Cau,90.3,417105,131,23.7,1145,37664.58
2025,3,Phu Luong,Che Bup,121.74,212977,131,23.7,1145,25927.82
2025,4,Tan Cuong,Che Dinh,5.84,5377801,118,22.3,445,31406.36
2025,4,Tan Cuong,Che Non Tom,16.66,2153916,118,22.3,445,35884.24
2025,4,Tan Cuong,Che Moc Cau,35.13,614972,118,22.3,445,21603.97
2025,4,Tan Cuong,Che Bup,48.63,316487,118,22.3,445,15390.76
2025,4,Dai Tu,Che Dinh,18.42,3795771,121,22.5,1664,69918.1
2025,4,Dai Tu,Che Non Tom,60.39,1427964,121,22.5,1664,86234.75
2025,4,Dai Tu,Che Moc Cau,113.62,412838,121,22.5,1664,46906.65
2025,4,Dai Tu,Che Bup,178.59,218764,121,22.5,1664,39069.06
2025,4,Dong Hy,Che Dinh,11.67,3756756,105,21.8,930,43841.34
2025,4,Dong Hy,Che Non Tom,30.56,1544133,105,21.8,930,47188.7
2025,4,Dong Hy,Che Moc Cau,72.01,426639,105,21.8,930,30722.27
2025,4,Dong Hy,Che Bup,97.23,234115,105,21.8,930,22763.0
2025,4,Phu Luong,Che Dinh,14.77,3546897,118,21.8,1162,52387.67
2025,4,Phu Luong,Che Non Tom,42.52,1561721,118,21.8,1162,66404.38
2025,4,Phu Luong,Che Moc Cau,89.62,434930,118,21.8,1162,38978.43
2025,4,Phu Luong,Che Bup,114.54,230596,118,21.8,1162,26412.47
2025,5,Tan Cuong,Che Dinh,8.56,5379492,284,31.4,460,46048.45
2025,5,Tan Cuong,Che Non Tom,26.72,2098151,284,31.4,460,56062.59
2025,5,Tan Cuong,Che Moc Cau,49.85,603372,284,31.4,460,30078.09
2025,5,Tan Cuong,Che Bup,71.79,310436,284,31.4,460,22286.2
2025,5,Dai Tu,Che Dinh,32.11,3698937,290,31.1,1654,118772.87
2025,5,Dai Tu,Che Non Tom,91.23,1507538,290,31.1,1654,137532.69
2025,5,Dai Tu,Che Moc Cau,181.91,442794,290,31.1,1654,80548.66
2025,5,Dai Tu,Che Bup,253.88,223475,290,31.1,1654,56735.83
2025,5,Dong Hy,Che Dinh,17.12,3887597,287,31.0,923,66555.66
2025,5,Dong Hy,Che Non Tom,50.85,1524246,287,31.0,923,77507.91
2025,5,Dong Hy,Che Moc Cau,99.81,439820,287,31.0,923,43898.43
2025,5,Dong Hy,Che Bup,136.69,217718,287,31.0,923,29759.87
2025,5,Phu Luong,Che Dinh,22.5,3622854,287,31.1,1156,81514.22
2025,5,Phu Luong,Che Non Tom,62.04,1480629,287,31.1,1156,91858.22
2025,5,Phu Luong,Che Moc Cau,124.17,439317,287,31.1,1156,54549.99
2025,5,Phu Luong,Che Bup,186.14,222027,287,31.1,1156,41328.11
2025,6,Tan Cuong,Che Dinh,7.4,5381591,298,30.2,452,39823.77
2025,6,Tan Cuong,Che Non Tom,26.09,2038392,298,30.2,452,53181.65
2025,6,Tan Cuong,Che Moc Cau,48.45,603865,298,30.2,452,29257.26
2025,6,Tan Cuong,Che Bup,69.1,309255,298,30.2,452,21369.52
2025,6,Dai Tu,Che Dinh,27.43,3763548,301,29.7,1661,103234.12
2025,6,Dai Tu,Che Non Tom,82.77,1464969,301,29.7,1661,121255.48
2025,6,Dai Tu,Che Moc Cau,179.65,450241,301,29.7,1661,80885.8
2025,6,Dai Tu,Che Bup,268.73,227714,301,29.7,1661,61193.58
2025,6,Dong Hy,Che Dinh,16.12,3680782,303,29.4,938,59334.21
2025,6,Dong Hy,Che Non Tom,49.86,1474759,303,29.4,938,73531.48
2025,6,Dong Hy,Che Moc Cau,109.56,443289,303,29.4,938,48566.74
2025,6,Dong Hy,Che Bup,155.24,218945,303,29.4,938,33989.02
2025,6,Phu Luong,Che Dinh,21.65,3854991,299,30.3,1152,83460.56
2025,6,Phu Luong,Che Non Tom,56.01,1520374,299,30.3,1152,85156.15
2025,6,Phu Luong,Che Moc Cau,132.62,414060,299,30.3,1152,54912.64
2025,6,Phu Luong,Che Bup,200.49,217769,299,30.3,1152,43660.51
2025,7,Tan Cuong,Che Dinh,8.13,5233823,294,30.1,443,42550.98
2025,7,Tan Cuong,Che Non Tom,25.84,2063251,294,30.1,443,53314.41
2025,7,Tan Cuong,Che Moc Cau,46.13,622780,294,30.1,443,28728.84
2025,7,Tan Cuong,Che Bup,70.51,317045,294,30.1,443,22354.84
2025,7,Dai Tu,Che Dinh,30.27,3720801,278,30.9,1649,112628.65
2025,7,Dai Tu,Che Non Tom,82.61,1430821,278,30.9,1649,118200.12
2025,7,Dai Tu,Che Moc Cau,165.78,419758,278,30.9,1649,69587.48
2025,7,Dai Tu,Che Bup,274.5,228578,278,30.9,1649,62744.66
2025,7,Dong Hy,Che Dinh,15.46,3538354,279,30.5,925,54702.95
2025,7,Dong Hy,Che Non Tom,49.17,1457502,279,30.5,925,71665.37
2025,7,Dong Hy,Che Moc Cau,99.62,437350,279,30.5,925,43568.81
2025,7,Dong Hy,Che Bup,136.18,214785,279,30.5,925,29249.42
2025,7,Phu Luong,Che Dinh,21.61,3693934,282,30.8,1156,79825.91
2025,7,Phu Luong,Che Non Tom,64.58,1454576,282,30.8,1156,93936.52
2025,7,Phu Luong,Che Moc Cau,120.01,446541,282,30.8,1156,53589.39
2025,7,Phu Luong,Che Bup,185.27,229859,282,30.8,1156,42585.98
2025,8,Tan Cuong,Che Dinh,7.47,5410930,290,31.1,451,40419.65
2025,8,Tan Cuong,Che Non Tom,21.98,2056129,290,31.1,451,45193.72
2025,8,Tan Cuong,Che Moc Cau,44.1,601097,290,31.1,451,26508.38
2025,8,Tan Cuong,Che Bup,73.44,312845,290,31.1,451,22975.34
2025,8,Dai Tu,Che Dinh,31.9,3662666,282,30.4,1644,116839.05
2025,8,Dai Tu,Che Non Tom,82.64,1417386,282,30.4,1644,117132.78
2025,8,Dai Tu,Che Moc Cau,182.73,439941,282,30.4,1644,80390.42
2025,8,Dai Tu,Che Bup,257.84,213640,282,30.4,1644,55084.94
2025,8,Dong Hy,Che Dinh,17.9,3731563,292,30.4,930,66794.98
2025,8,Dong Hy,Che Non Tom,53.65,1499936,292,30.4,930,80471.57
2025,8,Dong Hy,Che Moc Cau,101.64,416868,292,30.4,930,42370.46
2025,8,Dong Hy,Che Bup,140.64,233735,292,30.4,930,32872.49
2025,8,Phu Luong,Che Dinh,20.45,3548506,278,31.3,1163,72566.95
2025,8,Phu Luong,Che Non Tom,56.91,1471332,278,31.3,1163,83733.5
2025,8,Phu Luong,Che Moc Cau,117.06,413313,278,31.3,1163,48382.42
2025,8,Phu Luong,Che Bup,198.06,222274,278,31.3,1163,44023.59
2025,9,Tan Cuong,Che Dinh,5.3,5178901,118,22.4,444,27448.18
2025,9,Tan Cuong,Che Non Tom,17.57,2092653,118,22.4,444,36767.91
2025,9,Tan Cuong,Che Moc Cau,29.34,614093,118,22.4,444,18017.49
2025,9,Tan Cuong,Che Bup,44.61,297822,118,22.4,444,13285.84
2025,9,Dai Tu,Che Dinh,19.77,3731999,112,23.0,1655,73781.62
2025,9,Dai Tu,Che Non Tom,55.63,1450339,112,23.0,1655,80682.36
2025,9,Dai Tu,Che Moc Cau,127.23,427758,112,23.0,1655,54423.65
2025,9,Dai Tu,Che Bup,190.42,227865,112,23.0,1655,43390.05
2025,9,Dong Hy,Che Dinh,10.64,3843016,122,22.7,936,40889.69
2025,9,Dong Hy,Che Non Tom,34.0,1438188,122,22.7,936,48898.39
2025,9,Dong Hy,Che Moc Cau,68.51,455687,122,22.7,936,31219.12
2025,9,Dong Hy,Che Bup,94.02,230270,122,22.7,936,21649.99
2025,9,Phu Luong,Che Dinh,14.36,3645782,127,22.8,1143,52353.43
2025,9,Phu Luong,Che Non Tom,39.71,1531527,127,22.8,1143,60816.94
2025,9,Phu Luong,Che Moc Cau,81.66,444017,127,22.8,1143,36258.43
2025,9,Phu Luong,Che Bup,114.75,231069,127,22.8,1143,26515.17
2025,10,Tan Cuong,Che Dinh,5.53,5400679,117,24.4,458,29865.75
2025,10,Tan Cuong,Che Non Tom,15.27,2143719,117,24.4,458,32734.59
2025,10,Tan Cuong,Che Moc Cau,30.5,625476,117,24.4,458,19077.02
2025,10,Tan Cuong,Che Bup,47.25,324263,117,24.4,458,15321.43
2025,10,Dai Tu,Che Dinh,19.66,3898927,121,23.8,1651,76652.9
2025,10,Dai Tu,Che Non Tom,59.24,1542095,121,23.8,1651,91353.71
2025,10,Dai Tu,Che Moc Cau,120.98,428589,121,23.8,1651,51850.7
2025,10,Dai Tu,Che Bup,170.67,216575,121,23.8,1651,36962.86
2025,10,Dong Hy,Che Dinh,12.26,3668763,130,24.3,943,44979.03
2025,10,Dong Hy,Che Non Tom,35.48,1546694,130,24.3,943,54876.7
2025,10,Dong Hy,Che Moc Cau,67.3,431545,130,24.3,943,29042.98
2025,10,Dong Hy,Che Bup,103.92,225240,130,24.3,943,23406.94
2025,10,Phu Luong,Che Dinh,15.12,3556123,128,24.2,1146,53768.58
2025,10,Phu Luong,Che Non Tom,37.16,1508861,128,24.2,1146,56069.27
2025,10,Phu Luong,Che Moc Cau,79.19,422732,128,24.2,1146,33476.15
2025,10,Phu Luong,Che Bup,119.11,217754,128,24.2,1146,25936.68
2025,11,Tan Cuong,Che Dinh,2.95,4963510,29,17.6,453,14642.35
2025,11,Tan Cuong,Che Non Tom,8.76,2088871,29,17.6,453,18298.51
2025,11,Tan Cuong,Che Moc Cau,16.74,616378,29,17.6,453,10318.17
2025,11,Tan Cuong,Che Bup,26.03,307274,29,17.6,453,7998.34
2025,11,Dai Tu,Che Dinh,9.26,3904009,28,17.8,1642,36151.12
2025,11,Dai Tu,Che Non Tom,27.13,1413944,28,17.8,1642,38360.3
2025,11,Dai Tu,Che Moc Cau,53.72,427133,28,17.8,1642,22945.58
2025,11,Dai Tu,Che Bup,91.02,213580,28,17.8,1642,19440.05
2025,11,Dong Hy,Che Dinh,5.95,3835016,21,17.7,932,22818.35
2025,11,Dong Hy,Che Non Tom,18.07,1517765,21,17.7,932,27426.01
2025,11,Dong Hy,Che Moc Cau,30.9,429620,21,17.7,932,13275.26
2025,11,Dong Hy,Che Bup,52.57,218297,21,17.7,932,11475.87
2025,11,Phu Luong,Che Dinh,6.93,3769137,19,17.1,1143,26120.12
2025,11,Phu Luong,Che Non Tom,20.89,1517426,19,17.1,1143,31699.03
2025,11,Phu Luong,Che Moc Cau,37.08,416680,19,17.1,1143,15450.49
2025,11,Phu Luong,Che Bup,66.28,227256,19,17.1,1143,15062.53
2025,12,Tan Cuong,Che Dinh,2.5,6380910,41,17.3,449,15952.28
2025,12,Tan Cuong,Che Non Tom,8.35,2427622,41,17.3,449,20270.64
2025,12,Tan Cuong,Che Moc Cau,17.34,721924,41,17.3,449,12518.16
2025,12,Tan Cuong,Che Bup,23.24,361939,41,17.3,449,8411.46
2025,12,Dai Tu,Che Dinh,9.43,4526708,32,17.3,1662,42686.86
2025,12,Dai Tu,Che Non Tom,32.78,1804079,32,17.3,1662,59137.71
2025,12,Dai Tu,Che Moc Cau,58.13,528498,32,17.3,1662,30721.59
2025,12,Dai Tu,Che Bup,82.98,278249,32,17.3,1662,23089.1
2025,12,Dong Hy,Che Dinh,5.79,4272840,35,17.4,942,24739.74
2025,12,Dong Hy,Che Non Tom,17.58,1739519,35,17.4,942,30580.74
2025,12,Dong Hy,Che Moc Cau,35.36,537597,35,17.4,942,19009.43
2025,12,Dong Hy,Che Bup,53.96,269246,35,17.4,942,14528.51
2025,12,Phu Luong,Che Dinh,7.16,4420005,38,17.7,1143,31647.24
2025,12,Phu Luong,Che Non Tom,19.17,1853808,38,17.7,1143,35537.5
2025,12,Phu Luong,Che Moc Cau,43.81,532347,38,17.7,1143,23322.12
2025,12,Phu Luong,Che Bup,58.9,265227,38,17.7,1143,15621.87
